<?xml version="1.0" encoding="utf-8" ?>
<QueryStrings>
	<GetAllTables>
   SELECT  T.TabSchema AS "SchemaName"
          ,T.TabName AS "TableName"
          ,T.Type AS "Type"
          ,T.Remarks AS "Description"
   FROM    syscat.Tables AS T
   WHERE   T.Type IN ('H','N','S','T')
   AND     T.Status = 'N'
   AND     T.TabSchema NOT LIKE 'SYS%'
   ORDER BY T.TabSchema
          ,T.TabName
   </GetAllTables>
	<GetTable>
   SELECT  T.TabSchema AS "SchemaName"
          ,T.TabName AS "TableName"
          ,T.Type AS "Type"
          ,T.Remarks AS "Description"
   FROM    syscat.Tables AS T
   WHERE   T.Type IN ('H','N','S','T')
   AND     T.Status = 'N'
   AND     T.TabSchema NOT LIKE 'SYS%'
   AND     T.TabName = '{1}'
   ORDER BY T.TabSchema
          ,T.TabName
   </GetTable>
	<GetColumnsFromTable>
   SELECT  C.TabSchema AS "SchemaName"
          ,C.TabName AS "TableName"
          ,C.ColNo AS "ColumnNumber"
          ,C.ColName AS "ColumnName"
          ,C.Length AS "ColumnLength"
          ,C.Scale AS "Scale"
          ,COALESCE(C.Default, 'No Default') AS "Default"
          ,C.Nulls AS "IsNullable"
          ,C.KeySeq AS "KeySequence"
          ,C.Identity AS "IsIdentity"
          ,CASE C.Generated
               WHEN 'A' THEN
                  'Always'
               WHEN 'D' THEN
                  'By Default'
               Else
                  'Not Generated'
           END AS "IsGenerated"
          ,C.Remarks AS "Description"
   FROM    syscat.Columns AS C
   WHERE   C.TabName = '{1}'
   AND     C.TabSchema = '{0}'
   ORDER BY C.ColNo
   </GetColumnsFromTable>
	<GetAllViews>
   SELECT  T.TabSchema AS "SchemaName"
          ,T.TabName AS "ViewName"
          ,T.Remarks AS "Description"
   FROM    syscat.tables AS T
   WHERE   T.Type = 'V'
   AND     T.Status = 'N'
   AND     T.TabSchema NOT LIKE 'SYS%'
   ORDER BY T.TabSchema
          ,T.TabName
   </GetAllViews>
	<GetView>
   SELECT  T.TabSchema AS "SchemaName"
          ,T.TabName AS "ViewName"
          ,T.Remarks AS "Description"
   FROM    syscat.tables AS T
   WHERE   T.Type = 'V'
   AND     T.Status = 'N'
   AND     T.TabSchema NOT LIKE 'SYS%'
   AND     T.TabName = '{1}'
   ORDER BY T.TabSchema
          ,T.TabName
   </GetView>
	<GetFunctions>
   SELECT  R.RoutineSchema AS "SchemaName"
          ,R.RoutineName AS "FunctionName"
          ,R.Remarks AS "Description"
   FROM    syscat.Routines AS R
   WHERE   R.RoutineType = 'F'
   AND     R.RoutineSchema NOT LIKE 'SYS%'
   </GetFunctions>
	<GetProcedures>
   SELECT  R.RoutineSchema AS "SchemaName"
          ,R.RoutineName AS "ProcedureName"
          ,R.Remarks AS "Description"
   FROM    syscat.Routines AS R
   WHERE   R.RoutineType = 'P'
   AND     R.RoutineSchema NOT LIKE 'SYS%'
   </GetProcedures>
	<GetSequences>
   SELECT  S.SeqSchema AS "SchemaName"
          ,S.SeqName AS "SequenceName"
          ,S.Increment AS "Increment"
          ,S.Start AS "StartingValue"
          ,S.MaxValue AS "MaxValue"
          ,S.MinValue AS "MinValue"
          ,S.Cycle AS "IsCycled"
          ,S.Cache AS "Cache"
          ,S.Remarks AS "Description"
   FROM    syscat.Sequences AS S
   WHERE   S.SeqType = 'S'
   </GetSequences>
	<GetUserDefinedTypes>
   SELECT  D.TypeSchema AS "SchemaName"
         ,D.TypeName AS "TypeName"
         ,D.Length AS "Length"
         ,D.Scale AS "Scale"
         ,D.Remarks AS "Description"
   FROM    syscat.DataTypes AS D
   WHERE   D.MetaType IN ('T','R')
   </GetUserDefinedTypes>
	<GetUser>VALUES(CURRENT USER)</GetUser>
	<GetAllObjects>
   SELECT  T.TabSchema AS "SchemaName"
          ,T.TabName AS "ObjectName"
          ,'U ' AS "Type"
          ,T.Remarks AS "Description"
   FROM    syscat.Tables AS T
   WHERE   T.Type IN ('H','N','S','T')
   AND     T.Status = 'N'
   AND     T.TabSchema NOT LIKE 'SYS%'
UNION
SELECT  T.TabSchema AS "SchemaName"
          ,T.TabName AS "ObjectName"
          ,'V ' AS "Type"
          ,T.Remarks AS "Description"
   FROM    syscat.tables AS T
   WHERE   T.Type = 'V'
   AND     T.Status = 'N'
   AND     T.TabSchema NOT LIKE 'SYS%'
UNION
SELECT  R.RoutineSchema AS "SchemaName"
          ,R.RoutineName AS "ObjectName"
	  ,'FN' AS "Type"
          ,R.Remarks AS "Description"
   FROM    syscat.Routines AS R
   WHERE   R.RoutineType = 'F'
   AND     R.RoutineSchema NOT LIKE 'SYS%'
UNION
SELECT  R.RoutineSchema AS "SchemaName"
          ,R.RoutineName AS "ObjectName"
	  ,'P ' AS "Type"
          ,R.Remarks AS "Description"
   FROM    syscat.Routines AS R
   WHERE   R.RoutineType = 'P'
   AND     R.RoutineSchema NOT LIKE 'SYS%'

   </GetAllObjects>
   <GetObjectsLike>
   SELECT	S.SchemaName AS "SchemaName" 
			,S.SchemaName AS "ObjectName" 
			,'SH' AS "Type"
			,S.Remarks AS "Description" 
	FROM    syscat.schemata AS S 
	WHERE	S.SchemaName  like UPPER('{0}%')
	UNION ALL
   SELECT  T.TabSchema AS "SchemaName"
          ,T.TabName AS "ObjectName"
          ,'T' AS "Type"
          ,T.Remarks AS "Description"
   FROM    syscat.Tables AS T
   WHERE   T.Type IN ('H','N','S','T')
   AND     T.Status = 'N'
   AND     T.TabSchema NOT LIKE 'SYS%'
   AND 	   T.TabName like UPPER('{0}%')
   AND     T.TabSchema LIKE '{1}'
UNION ALL
SELECT  T.TabSchema AS "SchemaName"
          ,T.TabName AS "ObjectName"
          ,'V' AS "Type"
          ,T.Remarks AS "Description"
   FROM    syscat.tables AS T
   WHERE   T.Type = 'V'
   AND     T.Status = 'N'
   AND     T.TabSchema NOT LIKE 'SYS%'
   AND 	   T.TabName like UPPER('{0}%')
   AND     T.TabSchema LIKE '{1}'
UNION ALL
SELECT  R.RoutineSchema AS "SchemaName"
          ,R.RoutineName AS "ObjectName"
	  ,'FN' AS "Type"
          ,R.Remarks AS "Description"
   FROM    syscat.Routines AS R
   WHERE   R.RoutineType = 'F'
   AND     R.RoutineSchema NOT LIKE 'SYS%'
   AND 	   R.RoutineSchema like UPPER('{0}%')
   AND     R.RoutineSchema LIKE '{1}'
UNION ALL
SELECT  R.RoutineSchema AS "SchemaName"
          ,R.RoutineName AS "ObjectName"
	  ,'P' AS "Type"
          ,R.Remarks AS "Description"
   FROM    syscat.Routines AS R
   WHERE   R.RoutineType = 'P'
   AND     R.RoutineSchema NOT LIKE 'SYS%'
   AND 	   R.RoutineSchema like UPPER('{0}%')
   AND     R.RoutineSchema LIKE '{1}'

   </GetObjectsLike>
   <GetAllSchemas>
   SELECT  S.SchemaName AS "SchemaName" 
      ,S.Remarks AS "Description" 
FROM    syscat.schemata AS S 
where 	S.SCHEMANAME NOT LIKE 'SYS%'
   </GetAllSchemas>
   <GetRoutineDefinition>
   SELECT ViewName AS Name,
	'V' AS Type,
	Text AS Definition
FROM syscat.views v
WHERE UPPER(v.DEFINER)='{0}'
AND UPPER(v.ViewName)='{1}'
UNION ALL
SELECT r.ROUTINENAME AS Name,
	r.ROUTINETYPE AS Type,
	Text AS Definition
FROM syscat.Routines  r
WHERE r.TEXT IS NOT NULL
AND UPPER(r.DEFINER) = '{0}'
AND UPPER(r.ROUTINENAME) = '{1}'
   </GetRoutineDefinition>
   <GetTableDefinition>
   SELECT  'CREATE TABLE "' || t.tabschema || '"."' || t.tabname || '" 
(' as TableText 
, -1 as DisplaySeq 
FROM    syscat.tables AS t 
WHERE   t.tabschema = '{0}' 
and     t.tabname = '{1}' 
UNION ALL 
SELECT  CASE c.colno 
            WHEN 0 THEN 
                '   ' 
            ELSE 
                '  ,' 
        END || '"' || c.colname || '"' || ' ' 
        || 
        CASE 
            WHEN c.typename IN ('CHARACTER', 'VARCHAR') THEN 
                c.typename || '(' || RTRIM(CHAR(c.length)) || ')' 
            WHEN typename IN ('DECIMAL', 'NUMERIC') THEN 
                typename || '(' || RTRIM(CHAR(c.length)) || ',' || RTRIM(CHAR(c.scale)) || ')' 
            ELSE 
                typename 
        END 
        || 
        CASE c.nulls 
            WHEN 'N' THEN 
                ' NOT NULL' 
            ELSE 
                '' 
        END 
        || 
        COALESCE(' WITH DEFAULT ' || c.default, '') 
        || 
        CASE c.generated 
            WHEN 'A' THEN 
                ' GENERATED ALWAYS AS ' || 
                    COALESCE(' IDENTITY(START WITH ' || RTRIM(CHAR(BIGINT(i.start))) || ', INCREMENT BY ' || RTRIM(CHAR(BIGINT(i.increment))) || ')' 
                            , RTRIM(char(substr(ch.text, locate('=', ch.text) + 1, length(ch.text) - locate('=', ch.text)),200) ) 
                            ) 
            ELSE 
                '' 
        END 
        ,c.colno 
FROM    syscat.columns AS c 
    LEFT OUTER JOIN 
        syscat.ColIdentAttributes AS i 
    ON  c.TabSchema = i.TabSchema 
    AND c.TabName = i.TabName 
    AND c.ColName = i.ColName 
    LEFT OUTER JOIN 
        ( 
        SELECT  cc.TabSchema 
               ,cc.TabName 
               ,cc.ColName 
               ,c.text 
               ,cc.usage 
        FROM    syscat.checks c 
            INNER JOIN 
                syscat.colchecks cc 
            ON  c.TabSchema = cc.TabSchema 
            AND c.TabName = cc.TabName 
            AND c.ConstName = cc.ConstName 
        ) AS ch 
    ON  c.TabSchema = ch.TabSchema 
    AND c.TabName = ch.TabName 
    AND c.ColName = ch.ColName 
WHERE   c.tabschema = '{0}' 
and     c.tabname = '{1}' 
UNION ALL 
VALUES (');', 9999) 
ORDER BY 2; 

   </GetTableDefinition>
</QueryStrings>
