﻿<?xml version="1.0" encoding="utf-8" ?>
<CodeDoc>
	<Class name="DockContentCollection">
		<ClassDef>
			<summary>Provides methods to manage a collection of <see cref="WeifenLuo.WinFormsUI.DockContent" /> objects.</summary>
		</ClassDef>
		<Property name="Item">
			<summary>
			<para>Gets a <see cref="WeifenLuo.WinFormsUI.DockContent" /> at the specified index.</para>
			<para>In C#, this property is the indexer for the <see cref="WeifenLuo.WinFormsUI.DockContentCollection" /> class.</para>
			</summary>
		</Property>
		<Method name="Contains(DockContent)">
			<summary>
			Determines whether a <see cref="WeifenLuo.WinFormsUI.DockContent" /> is in the
			<see cref="WeifenLuo.WinFormsUI.DockContentCollection" />.
		</summary>
			<param name="content">
			The <see cref="WeifenLuo.WinFormsUI.DockContent" /> to locate in
			<see cref="WeifenLuo.WinFormsUI.DockContentCollection" />.
		</param>
			<returns>
			<b>true</b> if <paramref name="content" /> is found in the
			<see cref="WeifenLuo.WinFormsUI.DockContentCollection" />;
			otherwise, <b>false</b>.
		</returns>
		</Method>
		<Method name="IndexOf(DockContent)">
			<summary>
			Searches for the specified <see cref="WeifenLuo.WinFormsUI.DockContent" />
			and returns the zero-based index within the entire
			<see cref="WeifenLuo.WinFormsUI.DockContentCollection" />.
		</summary>
			<param name="content">
			The <see cref="WeifenLuo.WinFormsUI.DockContent" />
			to locate in the <see cref="WeifenLuo.WinFormsUI.DockContentCollection" />
		</param>
			<returns>
			The zero-based index of <paramref name="content" /> within the entire
			<see cref="WeifenLuo.WinFormsUI.DockContentCollection" />, if found;
			otherwise, -1.
		</returns>
		</Method>
		<Method name="Select(DockState)"></Method>
	</Class>
</CodeDoc>
