<?xml version="1.0" encoding="utf-8" ?>
<QueryStrings>
	<GetDatabases>select name from master..sysdatabases</GetDatabases>
	<GetAllTables>select name, type from {0}..sysobjects where type in ('U','P','V','FN') order by type,name</GetAllTables>
	<GetTables>select name, type from sysobjects where type in ('U','P','V','FN') and upper(name) like('{1}%')</GetTables>
	<GetColumnsFromTable>
select C.name from {0}..sysobjects O join {0}..syscolumns C on C.id = O.id where upper(O.name) = '{1}' and (O.type ='U' or O.type ='V') order by C.name
</GetColumnsFromTable>

<GetTableConstructor>
select  right('CREATE TABLE [' + so1.name + ']'+char(13)+'(' + '
', 255 * ( abs( sign(sc1.colid - 1) - 1 ) ) )+
        char(9)+'['+ sc1.name + '] ' +
        st1.name + ' ' +
        substring( '(' + rtrim( convert( char, sc1.length ) ) + ') ', 1,
        patindex('%char', st1.name ) * 10 ) +
        substring( '(' + rtrim( convert( char, sc1.prec ) ) + ', ' + rtrim(
        convert( char, sc1.scale ) ) + ') ' , 1, patindex('numeric', st1.name ) * 10 ) +
        substring( 'NOT NULL', ( convert( int, convert( bit,( sc1.status &amp; 8 ) ) ) * 4 ) + 1,
        8 * abs(convert(bit, (sc1.status &amp; 0x80)) - 1 ) ) +
        right('identity ', 9 * convert(bit, (sc1.status &amp; 0x80)) ) +
        right(',', 5 * ( convert(int,sc2.colid) - convert(int,sc1.colid) ) ) +
        right(char(13)+')' + '
' + '
', 255 * abs( sign( ( convert(int,sc2.colid) - convert(int,sc1.colid) ) ) -
1 ) )
from    sysobjects so1,
        syscolumns sc1,
        syscolumns sc2,
        systypes st1
where so1.type = 'U'
and sc1.id = so1.id
and st1.usertype = sc1.usertype
and sc2.id = sc1.id
and sc2.colid = (select max(colid)
                from syscolumns
                where id = sc1.id)
and upper(so1.name) = '{0}'
order by so1.name, sc1.colid

</GetTableConstructor>
<GetObjectConstructor>
select c.text 
from syscomments c
join sysobjects o on o.id=c.id
where upper(o.name) like '{0}%'
</GetObjectConstructor>
</QueryStrings>
